
<?xml version="1.0" encoding="UTF-8"?>
<!DOCTYPE struts-config PUBLIC
    "-//Apache Software Foundation//DTD Struts Configuration 1.3//EN"
    "http://struts.apache.org/dtds/struts-config_1_3.dtd">
<struts-config>
	<form-beans>
		<form-bean name="LoginForm" type="com.example.struts.LoginForm"/>
	</form-beans>
	
	<action-mappings>
		<action path="/login" type="com.example.struts.LoginAction" name="LoginForm" validate="true" input="/login.jsp">
			<forward name="success" path="/success.jsp"/>
		</action>
	</action-mappings>
	<message-resources parameter="com.example.struts.ApplicationResources"/>
</struts-config>
